{"cameraMode":{"drawMode":0,"name":"Shaded","section":"Shading Mode"},"sceneLighting":false,"audioPlay":false,"sceneViewState":{"m_AlwaysRefresh":false,"showFog":true,"showSkybox":false,"showFlares":true,"showImageEffects":true,"showParticleSystems":true,"showVisualEffectGraphs":true,"m_FxEnabled":true},"in2DMode":false,"pivot":{"x":-0.1719428300857544,"y":1.8322231769561768,"z":-1.1920928955078126e-7},"rotation":{"x":0.25703221559524538,"y":-0.19407323002815247,"z":0.05277160555124283,"w":0.9452518224716187},"size":2.190803289413452,"orthographic":false}