{"cameraMode":{"drawMode":0,"name":"Shaded","section":"Shading Mode"},"sceneLighting":false,"audioPlay":false,"sceneViewState":{"m_AlwaysRefresh":false,"showFog":true,"showSkybox":false,"showFlares":true,"showImageEffects":true,"showParticleSystems":true,"showVisualEffectGraphs":true,"m_FxEnabled":true},"in2DMode":false,"pivot":{"x":17.797588348388673,"y":2.0004947185516359,"z":-9.653721809387207},"rotation":{"x":0.25703221559524538,"y":-0.19407323002815247,"z":0.05277160555124283,"w":0.9452518224716187},"size":2.375126600265503,"orthographic":false}